Index,Timestamp (s),Peak Frequency (Hz),Potential Event
1,0.0116,301.46,LARGE EXPLOSION (Low Frequency)
2,0.0232,86.13,FIREWORK/MORTAR (Sub-Bass Thump)
3,0.0348,86.13,FIREWORK/MORTAR (Sub-Bass Thump)
4,0.0464,990.53,GUNSHOT (9mm/Rifle Spectral Peak)
5,0.0580,646.00,GUNSHOT (9mm/Rifle Spectral Peak)
6,0.0697,646.00,GUNSHOT (9mm/Rifle Spectral Peak)
7,0.0813,1033.59,GUNSHOT (9mm/Rifle Spectral Peak)
8,0.0929,732.13,GUNSHOT (9mm/Rifle Spectral Peak)
9,0.1045,732.13,GUNSHOT (9mm/Rifle Spectral Peak)
10,0.1161,1335.06,GUNSHOT (9mm/Rifle Spectral Peak)
11,0.1277,689.06,GUNSHOT (9mm/Rifle Spectral Peak)
12,0.1393,215.33,LARGE EXPLOSION (Low Frequency)
13,0.1509,215.33,LARGE EXPLOSION (Low Frequency)
14,0.1625,215.33,LARGE EXPLOSION (Low Frequency)
15,0.1741,215.33,LARGE EXPLOSION (Low Frequency)
16,0.1858,301.46,LARGE EXPLOSION (Low Frequency)
17,0.1974,301.46,LARGE EXPLOSION (Low Frequency)
18,0.2090,301.46,LARGE EXPLOSION (Low Frequency)
19,0.2206,301.46,LARGE EXPLOSION (Low Frequency)
20,0.2322,301.46,LARGE EXPLOSION (Low Frequency)
21,0.2438,301.46,LARGE EXPLOSION (Low Frequency)
22,0.2554,301.46,LARGE EXPLOSION (Low Frequency)
23,0.2670,301.46,LARGE EXPLOSION (Low Frequency)
24,0.2786,301.46,LARGE EXPLOSION (Low Frequency)
25,0.2902,301.46,LARGE EXPLOSION (Low Frequency)
26,0.3019,301.46,LARGE EXPLOSION (Low Frequency)
27,0.3135,301.46,LARGE EXPLOSION (Low Frequency)
28,0.3251,301.46,LARGE EXPLOSION (Low Frequency)
29,0.3367,86.13,FIREWORK/MORTAR (Sub-Bass Thump)
30,0.3483,86.13,FIREWORK/MORTAR (Sub-Bass Thump)
31,0.3599,301.46,LARGE EXPLOSION (Low Frequency)
32,0.3715,6589.16,SHARP CRACK/ASPIRATION (High Frequency)
33,0.3831,6546.09,SHARP CRACK/ASPIRATION (High Frequency)
34,0.3947,6373.83,SHARP CRACK/ASPIRATION (High Frequency)
35,0.4063,6115.43,SHARP CRACK/ASPIRATION (High Frequency)
36,0.4180,6330.76,SHARP CRACK/ASPIRATION (High Frequency)
37,0.4296,301.46,LARGE EXPLOSION (Low Frequency)
38,0.4412,301.46,LARGE EXPLOSION (Low Frequency)
39,0.4528,301.46,LARGE EXPLOSION (Low Frequency)
40,0.4644,301.46,LARGE EXPLOSION (Low Frequency)
41,0.4760,301.46,LARGE EXPLOSION (Low Frequency)
42,0.4876,301.46,LARGE EXPLOSION (Low Frequency)
43,0.4992,301.46,LARGE EXPLOSION (Low Frequency)
44,0.5108,301.46,LARGE EXPLOSION (Low Frequency)
45,0.5224,301.46,LARGE EXPLOSION (Low Frequency)
46,0.5341,301.46,LARGE EXPLOSION (Low Frequency)
47,0.5457,301.46,LARGE EXPLOSION (Low Frequency)
48,0.5573,301.46,LARGE EXPLOSION (Low Frequency)
49,0.5689,301.46,LARGE EXPLOSION (Low Frequency)
50,0.5805,301.46,LARGE EXPLOSION (Low Frequency)
51,0.5921,301.46,LARGE EXPLOSION (Low Frequency)
52,0.6037,172.27,LARGE EXPLOSION (Low Frequency)
53,0.6153,1248.93,GUNSHOT (9mm/Rifle Spectral Peak)
54,0.6269,1205.86,GUNSHOT (9mm/Rifle Spectral Peak)
55,0.6385,215.33,LARGE EXPLOSION (Low Frequency)
56,0.6502,215.33,LARGE EXPLOSION (Low Frequency)
57,0.6618,1248.93,GUNSHOT (9mm/Rifle Spectral Peak)
58,0.6734,1550.39,Ambient/Speech
59,0.6850,1593.46,Ambient/Speech
60,0.6966,1550.39,Ambient/Speech
61,0.7082,1808.79,Ambient/Speech
62,0.7198,990.53,GUNSHOT (9mm/Rifle Spectral Peak)
63,0.7314,258.40,LARGE EXPLOSION (Low Frequency)
64,0.7430,258.40,LARGE EXPLOSION (Low Frequency)
65,0.7546,430.66,Ambient/Speech
66,0.7663,387.60,LARGE EXPLOSION (Low Frequency)
67,0.7779,172.27,LARGE EXPLOSION (Low Frequency)
68,0.7895,258.40,LARGE EXPLOSION (Low Frequency)
69,0.8011,430.66,Ambient/Speech
70,0.8127,258.40,LARGE EXPLOSION (Low Frequency)
71,0.8243,344.53,LARGE EXPLOSION (Low Frequency)
72,0.8359,129.20,LARGE EXPLOSION (Low Frequency)
73,0.8475,129.20,LARGE EXPLOSION (Low Frequency)
74,0.8591,129.20,LARGE EXPLOSION (Low Frequency)
75,0.8707,129.20,LARGE EXPLOSION (Low Frequency)
76,0.8824,129.20,LARGE EXPLOSION (Low Frequency)
77,0.8940,301.46,LARGE EXPLOSION (Low Frequency)
78,0.9056,258.40,LARGE EXPLOSION (Low Frequency)
79,0.9172,43.07,FIREWORK/MORTAR (Sub-Bass Thump)
80,0.9288,86.13,FIREWORK/MORTAR (Sub-Bass Thump)
81,0.9404,172.27,LARGE EXPLOSION (Low Frequency)
82,0.9520,344.53,LARGE EXPLOSION (Low Frequency)
83,0.9636,86.13,FIREWORK/MORTAR (Sub-Bass Thump)
84,0.9752,43.07,FIREWORK/MORTAR (Sub-Bass Thump)
85,0.9868,43.07,FIREWORK/MORTAR (Sub-Bass Thump)
86,0.9985,43.07,FIREWORK/MORTAR (Sub-Bass Thump)
87,1.0101,43.07,FIREWORK/MORTAR (Sub-Bass Thump)
88,1.0217,43.07,FIREWORK/MORTAR (Sub-Bass Thump)
89,1.0333,129.20,LARGE EXPLOSION (Low Frequency)
90,1.0449,172.27,LARGE EXPLOSION (Low Frequency)
91,1.0565,129.20,LARGE EXPLOSION (Low Frequency)
92,1.0681,947.46,GUNSHOT (9mm/Rifle Spectral Peak)
93,1.0797,301.46,LARGE EXPLOSION (Low Frequency)
94,1.0913,86.13,FIREWORK/MORTAR (Sub-Bass Thump)
95,1.1029,129.20,LARGE EXPLOSION (Low Frequency)
96,1.1146,129.20,LARGE EXPLOSION (Low Frequency)
97,1.1262,129.20,LARGE EXPLOSION (Low Frequency)
98,1.1378,258.40,LARGE EXPLOSION (Low Frequency)
99,1.1494,129.20,LARGE EXPLOSION (Low Frequency)
100,1.1610,172.27,LARGE EXPLOSION (Low Frequency)
101,1.1726,258.40,LARGE EXPLOSION (Low Frequency)
102,1.1842,301.46,LARGE EXPLOSION (Low Frequency)
103,1.1958,258.40,LARGE EXPLOSION (Low Frequency)
104,1.2074,301.46,LARGE EXPLOSION (Low Frequency)
105,1.2190,215.33,LARGE EXPLOSION (Low Frequency)
106,1.2307,172.27,LARGE EXPLOSION (Low Frequency)
107,1.2423,215.33,LARGE EXPLOSION (Low Frequency)
108,1.2539,215.33,LARGE EXPLOSION (Low Frequency)
109,1.2655,172.27,LARGE EXPLOSION (Low Frequency)
110,1.2771,215.33,LARGE EXPLOSION (Low Frequency)
111,1.2887,301.46,LARGE EXPLOSION (Low Frequency)
112,1.3003,1636.52,Ambient/Speech
113,1.3119,775.20,GUNSHOT (9mm/Rifle Spectral Peak)
114,1.3235,129.20,LARGE EXPLOSION (Low Frequency)
115,1.3351,861.33,GUNSHOT (9mm/Rifle Spectral Peak)
116,1.3468,861.33,GUNSHOT (9mm/Rifle Spectral Peak)
117,1.3584,775.20,GUNSHOT (9mm/Rifle Spectral Peak)
118,1.3700,129.20,LARGE EXPLOSION (Low Frequency)
119,1.3816,602.93,GUNSHOT (9mm/Rifle Spectral Peak)
120,1.3932,129.20,LARGE EXPLOSION (Low Frequency)
121,1.4048,129.20,LARGE EXPLOSION (Low Frequency)
122,1.4164,646.00,GUNSHOT (9mm/Rifle Spectral Peak)
123,1.4280,646.00,GUNSHOT (9mm/Rifle Spectral Peak)
124,1.4396,646.00,GUNSHOT (9mm/Rifle Spectral Peak)
125,1.4512,646.00,GUNSHOT (9mm/Rifle Spectral Peak)
126,1.4629,646.00,GUNSHOT (9mm/Rifle Spectral Peak)
127,1.4745,602.93,GUNSHOT (9mm/Rifle Spectral Peak)
128,1.4861,990.53,GUNSHOT (9mm/Rifle Spectral Peak)
129,1.4977,86.13,FIREWORK/MORTAR (Sub-Bass Thump)
130,1.5093,990.53,GUNSHOT (9mm/Rifle Spectral Peak)
131,1.5209,1033.59,GUNSHOT (9mm/Rifle Spectral Peak)
132,1.5325,1033.59,GUNSHOT (9mm/Rifle Spectral Peak)
133,1.5441,1119.73,GUNSHOT (9mm/Rifle Spectral Peak)
134,1.5557,1119.73,GUNSHOT (9mm/Rifle Spectral Peak)
135,1.5673,1119.73,GUNSHOT (9mm/Rifle Spectral Peak)
136,1.5790,1119.73,GUNSHOT (9mm/Rifle Spectral Peak)
137,1.5906,1162.79,GUNSHOT (9mm/Rifle Spectral Peak)
138,1.6022,1119.73,GUNSHOT (9mm/Rifle Spectral Peak)
139,1.6138,1162.79,GUNSHOT (9mm/Rifle Spectral Peak)
140,1.6254,1119.73,GUNSHOT (9mm/Rifle Spectral Peak)
141,1.6370,1119.73,GUNSHOT (9mm/Rifle Spectral Peak)
142,1.6486,1033.59,GUNSHOT (9mm/Rifle Spectral Peak)
143,1.6602,1507.32,Ambient/Speech
144,1.6718,516.80,GUNSHOT (9mm/Rifle Spectral Peak)
145,1.6834,775.20,GUNSHOT (9mm/Rifle Spectral Peak)
146,1.6951,344.53,LARGE EXPLOSION (Low Frequency)
147,1.7067,344.53,LARGE EXPLOSION (Low Frequency)
148,1.7183,344.53,LARGE EXPLOSION (Low Frequency)
149,1.7299,1033.59,GUNSHOT (9mm/Rifle Spectral Peak)
150,1.7415,1033.59,GUNSHOT (9mm/Rifle Spectral Peak)
151,1.7531,990.53,GUNSHOT (9mm/Rifle Spectral Peak)
152,1.7647,990.53,GUNSHOT (9mm/Rifle Spectral Peak)
153,1.7763,990.53,GUNSHOT (9mm/Rifle Spectral Peak)
154,1.7879,904.39,GUNSHOT (9mm/Rifle Spectral Peak)
155,1.7995,904.39,GUNSHOT (9mm/Rifle Spectral Peak)
156,1.8112,861.33,GUNSHOT (9mm/Rifle Spectral Peak)
157,1.8228,387.60,LARGE EXPLOSION (Low Frequency)
158,1.8344,387.60,LARGE EXPLOSION (Low Frequency)
159,1.8460,387.60,LARGE EXPLOSION (Low Frequency)
160,1.8576,732.13,GUNSHOT (9mm/Rifle Spectral Peak)
161,1.8692,732.13,GUNSHOT (9mm/Rifle Spectral Peak)
162,1.8808,387.60,LARGE EXPLOSION (Low Frequency)
163,1.8924,732.13,GUNSHOT (9mm/Rifle Spectral Peak)
164,1.9040,732.13,GUNSHOT (9mm/Rifle Spectral Peak)
165,1.9156,732.13,GUNSHOT (9mm/Rifle Spectral Peak)
166,1.9273,689.06,GUNSHOT (9mm/Rifle Spectral Peak)
167,1.9389,732.13,GUNSHOT (9mm/Rifle Spectral Peak)
168,1.9505,861.33,GUNSHOT (9mm/Rifle Spectral Peak)
169,1.9621,861.33,GUNSHOT (9mm/Rifle Spectral Peak)
170,1.9737,861.33,GUNSHOT (9mm/Rifle Spectral Peak)
171,1.9853,861.33,GUNSHOT (9mm/Rifle Spectral Peak)
