event_id,frame,landmark_index,x_px,y_px
0,baseline,0,141,90
0,baseline,1,146,75
0,baseline,2,151,75
0,baseline,3,156,75
0,baseline,4,129,76
0,baseline,5,121,76
0,baseline,6,114,76
0,baseline,7,162,90
0,baseline,8,84,90
0,baseline,9,148,108
0,baseline,10,125,107
0,baseline,11,203,188
0,baseline,12,35,184
0,baseline,13,211,335
0,baseline,14,44,330
0,baseline,15,174,405
0,baseline,16,123,400
0,baseline,17,188,437
0,baseline,18,124,435
0,baseline,19,168,455
0,baseline,20,148,445
0,baseline,21,158,435
0,baseline,22,174,422
0,baseline,23,168,397
0,baseline,24,71,394
0,baseline,25,314,428
0,baseline,26,46,380
0,baseline,27,245,516
0,baseline,28,55,518
0,baseline,29,-1,-1
0,baseline,30,-1,-1
0,baseline,31,-1,-1
0,baseline,32,-1,-1
0,onset,0,134,114
0,onset,1,142,96
0,onset,2,149,97
0,onset,3,155,97
0,onset,4,127,93
0,onset,5,121,92
0,onset,6,112,90
0,onset,7,162,108
0,onset,8,82,92
0,onset,9,141,127
0,onset,10,115,122
0,onset,11,195,183
0,onset,12,34,181
0,onset,13,207,316
0,onset,14,45,325
0,onset,15,174,405
0,onset,16,123,400
0,onset,17,187,434
0,onset,18,120,434
0,onset,19,168,455
0,onset,20,149,439
0,onset,21,158,431
0,onset,22,166,416
0,onset,23,167,396
0,onset,24,73,394
0,onset,25,310,428
0,onset,26,46,380
0,onset,27,245,516
0,onset,28,55,518
0,onset,29,-1,-1
0,onset,30,-1,-1
0,onset,31,-1,-1
0,onset,32,-1,-1
0,peak,0,134,112
0,peak,1,142,96
0,peak,2,150,97
0,peak,3,156,99
0,peak,4,129,96
0,peak,5,122,93
0,peak,6,114,90
0,peak,7,163,107
0,peak,8,85,94
0,peak,9,142,129
0,peak,10,116,123
0,peak,11,193,182
0,peak,12,34,177
0,peak,13,213,329
0,peak,14,43,317
0,peak,15,184,385
0,peak,16,119,391
0,peak,17,187,421
0,peak,18,126,425
0,peak,19,166,438
0,peak,20,150,421
0,peak,21,158,415
0,peak,22,170,409
0,peak,23,167,396
0,peak,24,74,393
0,peak,25,301,428
0,peak,26,57,377
0,peak,27,247,517
0,peak,28,69,517
0,peak,29,-1,-1
0,peak,30,-1,-1
0,peak,31,-1,-1
0,peak,32,-1,-1
1,baseline,0,130,107
1,baseline,1,139,91
1,baseline,2,145,93
1,baseline,3,155,94
1,baseline,4,125,89
1,baseline,5,119,88
1,baseline,6,110,85
1,baseline,7,162,104
1,baseline,8,84,90
1,baseline,9,144,124
1,baseline,10,111,118
1,baseline,11,192,179
1,baseline,12,34,172
1,baseline,13,219,307
1,baseline,14,40,306
1,baseline,15,187,383
1,baseline,16,117,378
1,baseline,17,194,408
1,baseline,18,128,410
1,baseline,19,174,411
1,baseline,20,151,399
1,baseline,21,160,400
1,baseline,22,169,400
1,baseline,23,166,390
1,baseline,24,74,384
1,baseline,25,291,404
1,baseline,26,58,371
1,baseline,27,247,517
1,baseline,28,62,517
1,baseline,29,-1,-1
1,baseline,30,-1,-1
1,baseline,31,-1,-1
1,baseline,32,-1,-1
1,onset,0,132,97
1,onset,1,138,80
1,onset,2,146,82
1,onset,3,153,85
1,onset,4,126,79
1,onset,5,118,79
1,onset,6,109,76
1,onset,7,161,98
1,onset,8,83,87
1,onset,9,139,112
1,onset,10,113,110
1,onset,11,192,176
1,onset,12,34,166
1,onset,13,221,305
1,onset,14,33,290
1,onset,15,189,364
1,onset,16,119,366
1,onset,17,191,396
1,onset,18,131,399
1,onset,19,175,402
1,onset,20,153,389
1,onset,21,162,386
1,onset,22,172,386
1,onset,23,166,387
1,onset,24,74,381
1,onset,25,265,395
1,onset,26,95,379
1,onset,27,232,513
1,onset,28,89,513
1,onset,29,-1,-1
1,onset,30,-1,-1
1,onset,31,-1,-1
1,onset,32,-1,-1
1,peak,0,139,78
1,peak,1,143,65
1,peak,2,149,67
1,peak,3,157,68
1,peak,4,130,64
1,peak,5,123,64
1,peak,6,115,64
1,peak,7,166,88
1,peak,8,86,82
1,peak,9,146,96
1,peak,10,120,94
1,peak,11,193,172
1,peak,12,38,152
1,peak,13,238,300
1,peak,14,19,277
1,peak,15,200,329
1,peak,16,122,327
1,peak,17,189,355
1,peak,18,135,359
1,peak,19,174,351
1,peak,20,169,336
1,peak,21,166,328
1,peak,22,165,330
1,peak,23,165,352
1,peak,24,72,346
1,peak,25,221,402
1,peak,26,128,393
1,peak,27,202,517
1,peak,28,104,517
1,peak,29,-1,-1
1,peak,30,-1,-1
1,peak,31,-1,-1
1,peak,32,-1,-1
2,baseline,0,146,75
2,baseline,1,153,66
2,baseline,2,159,69
2,baseline,3,165,72
2,baseline,4,140,62
2,baseline,5,132,62
2,baseline,6,124,62
2,baseline,7,170,96
2,baseline,8,95,80
2,baseline,9,151,95
2,baseline,10,128,90
2,baseline,11,193,173
2,baseline,12,40,150
2,baseline,13,249,290
2,baseline,14,7,253
2,baseline,15,227,284
2,baseline,16,95,271
2,baseline,17,214,310
2,baseline,18,127,300
2,baseline,19,187,297
2,baseline,20,154,286
2,baseline,21,196,287
2,baseline,22,154,267
2,baseline,23,154,363
2,baseline,24,62,348
2,baseline,25,203,395
2,baseline,26,140,412
2,baseline,27,211,515
2,baseline,28,96,518
2,baseline,29,-1,-1
2,baseline,30,-1,-1
2,baseline,31,-1,-1
2,baseline,32,-1,-1
2,onset,0,155,80
2,onset,1,161,72
2,onset,2,169,77
2,onset,3,175,80
2,onset,4,149,68
2,onset,5,142,68
2,onset,6,134,66
2,onset,7,179,110
2,onset,8,104,85
2,onset,9,159,102
2,onset,10,134,95
2,onset,11,195,175
2,onset,12,44,153
2,onset,13,262,310
2,onset,14,-3,257
2,onset,15,245,276
2,onset,16,88,247
2,onset,17,234,293
2,onset,18,125,272
2,onset,19,202,278
2,onset,20,150,259
2,onset,21,204,271
2,onset,22,156,244
2,onset,23,155,366
2,onset,24,62,352
2,onset,25,212,399
2,onset,26,143,405
2,onset,27,201,516
2,onset,28,96,518
2,onset,29,-1,-1
2,onset,30,-1,-1
2,onset,31,-1,-1
2,onset,32,-1,-1
2,peak,0,165,89
2,peak,1,174,88
2,peak,2,179,91
2,peak,3,183,95
2,peak,4,160,80
2,peak,5,154,79
2,peak,6,146,77
2,peak,7,187,129
2,peak,8,114,93
2,peak,9,165,112
2,peak,10,144,102
2,peak,11,195,198
2,peak,12,44,156
2,peak,13,263,324
2,peak,14,2,230
2,peak,15,256,264
2,peak,16,74,206
2,peak,17,233,265
2,peak,18,113,217
2,peak,19,218,242
2,peak,20,132,201
2,peak,21,216,236
2,peak,22,139,189
2,peak,23,151,380
2,peak,24,55,365
2,peak,25,212,405
2,peak,26,131,405
2,peak,27,199,518
2,peak,28,93,517
2,peak,29,-1,-1
2,peak,30,-1,-1
2,peak,31,-1,-1
2,peak,32,-1,-1
3,baseline,0,272,129
3,baseline,1,272,137
3,baseline,2,272,139
3,baseline,3,273,144
3,baseline,4,272,120
3,baseline,5,269,115
3,baseline,6,262,113
3,baseline,7,252,176
3,baseline,8,216,103
3,baseline,9,260,146
3,baseline,10,252,126
3,baseline,11,226,229
3,baseline,12,124,139
3,baseline,13,243,369
3,baseline,14,82,214
3,baseline,15,324,302
3,baseline,16,207,183
3,baseline,17,344,304
3,baseline,18,245,176
3,baseline,19,360,270
3,baseline,20,251,152
3,baseline,21,351,267
3,baseline,22,238,147
3,baseline,23,157,383
3,baseline,24,82,364
3,baseline,25,257,401
3,baseline,26,177,401
3,baseline,27,230,515
3,baseline,28,115,515
3,baseline,29,-1,-1
3,baseline,30,-1,-1
3,baseline,31,-1,-1
3,baseline,32,-1,-1
3,onset,0,272,129
3,onset,1,272,137
3,onset,2,272,139
3,onset,3,273,144
3,onset,4,272,120
3,onset,5,269,115
3,onset,6,262,113
3,onset,7,245,177
3,onset,8,216,103
3,onset,9,260,146
3,onset,10,252,126
3,onset,11,226,226
3,onset,12,128,134
3,onset,13,243,369
3,onset,14,90,206
3,onset,15,326,298
3,onset,16,217,174
3,onset,17,348,297
3,onset,18,250,169
3,onset,19,363,261
3,onset,20,255,144
3,onset,21,357,261
3,onset,22,247,141
3,onset,23,157,381
3,onset,24,85,359
3,onset,25,262,398
3,onset,26,181,396
3,onset,27,230,516
3,onset,28,115,514
3,onset,29,-1,-1
3,onset,30,-1,-1
3,onset,31,-1,-1
3,onset,32,-1,-1
3,peak,0,276,124
3,peak,1,272,132
3,peak,2,273,136
3,peak,3,275,138
3,peak,4,271,117
3,peak,5,269,115
3,peak,6,266,113
3,peak,7,245,176
3,peak,8,218,100
3,peak,9,263,139
3,peak,10,257,122
3,peak,11,228,225
3,peak,12,131,132
3,peak,13,252,366
3,peak,14,90,206
3,peak,15,331,286
3,peak,16,215,173
3,peak,17,347,287
3,peak,18,254,160
3,peak,19,366,252
3,peak,20,254,131
3,peak,21,357,252
3,peak,22,247,133
3,peak,23,157,381
3,peak,24,87,357
3,peak,25,262,398
3,peak,26,181,396
3,peak,27,230,516
3,peak,28,115,514
3,peak,29,-1,-1
3,peak,30,-1,-1
3,peak,31,-1,-1
3,peak,32,-1,-1
4,baseline,0,260,79
4,baseline,1,261,87
4,baseline,2,262,88
4,baseline,3,261,90
4,baseline,4,254,72
4,baseline,5,253,71
4,baseline,6,251,69
4,baseline,7,246,129
4,baseline,8,199,63
4,baseline,9,255,89
4,baseline,10,248,78
4,baseline,11,226,187
4,baseline,12,135,94
4,baseline,13,264,309
4,baseline,14,90,162
4,baseline,15,327,231
4,baseline,16,212,124
4,baseline,17,341,223
4,baseline,18,256,111
4,baseline,19,367,177
4,baseline,20,244,84
4,baseline,21,350,186
4,baseline,22,237,85
4,baseline,23,145,336
4,baseline,24,93,301
4,baseline,25,275,361
4,baseline,26,215,342
4,baseline,27,285,482
4,baseline,28,143,468
4,baseline,29,-1,-1
4,baseline,30,-1,-1
4,baseline,31,-1,-1
4,baseline,32,-1,-1
4,onset,0,255,73
4,onset,1,256,81
4,onset,2,256,83
4,onset,3,256,85
4,onset,4,250,68
4,onset,5,248,66
4,onset,6,245,65
4,onset,7,240,127
4,onset,8,193,60
4,onset,9,249,83
4,onset,10,241,72
4,onset,11,220,184
4,onset,12,129,90
4,onset,13,260,301
4,onset,14,83,161
4,onset,15,325,225
4,onset,16,206,121
4,onset,17,337,217
4,onset,18,243,110
4,onset,19,363,168
4,onset,20,240,84
4,onset,21,343,179
4,onset,22,228,83
4,onset,23,140,332
4,onset,24,90,298
4,onset,25,275,361
4,onset,26,215,342
4,onset,27,285,482
4,onset,28,133,479
4,onset,29,-1,-1
4,onset,30,-1,-1
4,onset,31,-1,-1
4,onset,32,-1,-1
4,peak,0,249,71
4,peak,1,251,81
4,peak,2,251,83
4,peak,3,253,85
4,peak,4,250,68
4,peak,5,241,65
4,peak,6,238,63
4,peak,7,234,126
4,peak,8,187,59
4,peak,9,249,83
4,peak,10,241,72
4,peak,11,213,179
4,peak,12,122,89
4,peak,13,260,301
4,peak,14,83,161
4,peak,15,325,225
4,peak,16,206,121
4,peak,17,337,217
4,peak,18,243,110
4,peak,19,363,168
4,peak,20,240,84
4,peak,21,343,179
4,peak,22,228,83
4,peak,23,136,332
4,peak,24,86,298
4,peak,25,275,361
4,peak,26,215,342
4,peak,27,294,479
4,peak,28,126,473
4,peak,29,-1,-1
4,peak,30,-1,-1
4,peak,31,-1,-1
4,peak,32,-1,-1
5,baseline,0,170,95
5,baseline,1,173,103
5,baseline,2,175,105
5,baseline,3,176,109
5,baseline,4,164,92
5,baseline,5,162,90
5,baseline,6,159,89
5,baseline,7,161,155
5,baseline,8,108,93
5,baseline,9,164,105
5,baseline,10,155,96
5,baseline,11,156,210
5,baseline,12,58,158
5,baseline,13,200,332
5,baseline,14,-20,196
5,baseline,15,257,238
5,baseline,16,110,162
5,baseline,17,268,225
5,baseline,18,146,146
5,baseline,19,281,174
5,baseline,20,147,124
5,baseline,21,252,206
5,baseline,22,133,122
5,baseline,23,87,351
5,baseline,24,39,335
5,baseline,25,220,383
5,baseline,26,164,358
5,baseline,27,260,496
5,baseline,28,85,492
5,baseline,29,-1,-1
5,baseline,30,-1,-1
5,baseline,31,-1,-1
5,baseline,32,-1,-1
5,onset,0,160,98
5,onset,1,162,107
5,onset,2,162,109
5,onset,3,165,112
5,onset,4,153,97
5,onset,5,151,95
5,onset,6,147,92
5,onset,7,153,156
5,onset,8,97,99
5,onset,9,154,109
5,onset,10,144,97
5,onset,11,145,215
5,onset,12,48,159
5,onset,13,200,332
5,onset,14,-20,196
5,onset,15,257,238
5,onset,16,94,170
5,onset,17,260,226
5,onset,18,132,154
5,onset,19,270,180
5,onset,20,138,128
5,onset,21,242,211
5,onset,22,122,126
5,onset,23,78,358
5,onset,24,28,351
5,onset,25,210,383
5,onset,26,164,358
5,onset,27,250,501
5,onset,28,78,491
5,onset,29,-1,-1
5,onset,30,-1,-1
5,onset,31,-1,-1
5,onset,32,-1,-1
5,peak,0,153,107
5,peak,1,153,119
5,peak,2,155,121
5,peak,3,157,122
5,peak,4,142,107
5,peak,5,141,105
5,peak,6,136,103
5,peak,7,139,168
5,peak,8,87,114
5,peak,9,148,119
5,peak,10,141,111
5,peak,11,147,219
5,peak,12,34,162
5,peak,13,194,341
5,peak,14,-14,203
5,peak,15,241,251
5,peak,16,85,179
5,peak,17,247,234
5,peak,18,128,165
5,peak,19,255,186
5,peak,20,133,147
5,peak,21,224,217
5,peak,22,117,140
5,peak,23,86,360
5,peak,24,30,350
5,peak,25,207,395
5,peak,26,142,366
5,peak,27,250,501
5,peak,28,78,491
5,peak,29,-1,-1
5,peak,30,-1,-1
5,peak,31,-1,-1
5,peak,32,-1,-1
6,baseline,0,149,107
6,baseline,1,-1,-1
6,baseline,2,-1,-1
6,baseline,3,-1,-1
6,baseline,4,-1,-1
6,baseline,5,-1,-1
6,baseline,6,-1,-1
6,baseline,7,134,170
6,baseline,8,82,113
6,baseline,9,-1,-1
6,baseline,10,-1,-1
6,baseline,11,141,221
6,baseline,12,29,163
6,baseline,13,182,351
6,baseline,14,-19,195
6,baseline,15,234,248
6,baseline,16,80,175
6,baseline,17,245,237
6,baseline,18,120,164
6,baseline,19,247,184
6,baseline,20,127,144
6,baseline,21,218,220
6,baseline,22,116,140
6,baseline,23,89,359
6,baseline,24,26,346
6,baseline,25,194,392
6,baseline,26,144,372
6,baseline,27,246,513
6,baseline,28,72,506
6,baseline,29,-1,-1
6,baseline,30,-1,-1
6,baseline,31,-1,-1
6,baseline,32,-1,-1
6,onset,0,156,108
6,onset,1,-1,-1
6,onset,2,-1,-1
6,onset,3,-1,-1
6,onset,4,-1,-1
6,onset,5,-1,-1
6,onset,6,-1,-1
6,onset,7,136,171
6,onset,8,88,112
6,onset,9,-1,-1
6,onset,10,-1,-1
6,onset,11,141,219
6,onset,12,26,158
6,onset,13,181,345
6,onset,14,-18,178
6,onset,15,236,263
6,onset,16,81,168
6,onset,17,246,240
6,onset,18,117,164
6,onset,19,248,192
6,onset,20,132,151
6,onset,21,215,224
6,onset,22,114,138
6,onset,23,90,355
6,onset,24,23,334
6,onset,25,194,392
6,onset,26,136,362
6,onset,27,246,513
6,onset,28,62,506
6,onset,29,-1,-1
6,onset,30,-1,-1
6,onset,31,-1,-1
6,onset,32,-1,-1
6,peak,0,156,108
6,peak,1,-1,-1
6,peak,2,-1,-1
6,peak,3,-1,-1
6,peak,4,-1,-1
6,peak,5,-1,-1
6,peak,6,-1,-1
6,peak,7,135,171
6,peak,8,88,112
6,peak,9,-1,-1
6,peak,10,-1,-1
6,peak,11,139,220
6,peak,12,26,154
6,peak,13,181,346
6,peak,14,-13,176
6,peak,15,234,264
6,peak,16,83,168
6,peak,17,244,240
6,peak,18,118,163
6,peak,19,248,190
6,peak,20,128,144
6,peak,21,214,224
6,peak,22,116,140
6,peak,23,84,354
6,peak,24,23,329
6,peak,25,188,378
6,peak,26,136,362
6,peak,27,246,513
6,peak,28,62,506
6,peak,29,-1,-1
6,peak,30,-1,-1
6,peak,31,-1,-1
6,peak,32,-1,-1
7,baseline,0,158,115
7,baseline,1,-1,-1
7,baseline,2,-1,-1
7,baseline,3,-1,-1
7,baseline,4,-1,-1
7,baseline,5,-1,-1
7,baseline,6,-1,-1
7,baseline,7,135,178
7,baseline,8,90,117
7,baseline,9,-1,-1
7,baseline,10,-1,-1
7,baseline,11,140,221
7,baseline,12,24,154
7,baseline,13,178,353
7,baseline,14,-9,172
7,baseline,15,238,268
7,baseline,16,81,168
7,baseline,17,244,249
7,baseline,18,118,164
7,baseline,19,251,198
7,baseline,20,134,154
7,baseline,21,215,230
7,baseline,22,122,139
7,baseline,23,83,352
7,baseline,24,19,329
7,baseline,25,185,386
7,baseline,26,123,361
7,baseline,27,245,525
7,baseline,28,65,502
7,baseline,29,-1,-1
7,baseline,30,-1,-1
7,baseline,31,-1,-1
7,baseline,32,-1,-1
7,onset,0,157,122
7,onset,1,-1,-1
7,onset,2,-1,-1
7,onset,3,-1,-1
7,onset,4,-1,-1
7,onset,5,-1,-1
7,onset,6,-1,-1
7,onset,7,125,185
7,onset,8,84,121
7,onset,9,-1,-1
7,onset,10,-1,-1
7,onset,11,136,224
7,onset,12,21,152
7,onset,13,173,346
7,onset,14,-14,163
7,onset,15,238,268
7,onset,16,81,168
7,onset,17,244,249
7,onset,18,118,164
7,onset,19,251,198
7,onset,20,134,154
7,onset,21,214,240
7,onset,22,122,139
7,onset,23,84,352
7,onset,24,17,327
7,onset,25,183,390
7,onset,26,123,375
7,onset,27,228,548
7,onset,28,54,513
7,onset,29,-1,-1
7,onset,30,-1,-1
7,onset,31,-1,-1
7,onset,32,-1,-1
7,peak,0,157,122
7,peak,1,-1,-1
7,peak,2,-1,-1
7,peak,3,-1,-1
7,peak,4,-1,-1
7,peak,5,-1,-1
7,peak,6,-1,-1
7,peak,7,125,185
7,peak,8,84,121
7,peak,9,-1,-1
7,peak,10,-1,-1
7,peak,11,136,224
7,peak,12,21,152
7,peak,13,173,346
7,peak,14,-14,163
7,peak,15,229,278
7,peak,16,81,168
7,peak,17,240,255
7,peak,18,118,164
7,peak,19,247,207
7,peak,20,134,154
7,peak,21,212,238
7,peak,22,122,139
7,peak,23,84,352
7,peak,24,17,327
7,peak,25,183,390
7,peak,26,123,375
7,peak,27,228,548
7,peak,28,54,513
7,peak,29,-1,-1
7,peak,30,-1,-1
7,peak,31,-1,-1
7,peak,32,-1,-1
8,baseline,0,166,127
8,baseline,1,-1,-1
8,baseline,2,-1,-1
8,baseline,3,-1,-1
8,baseline,4,-1,-1
8,baseline,5,-1,-1
8,baseline,6,-1,-1
8,baseline,7,145,190
8,baseline,8,99,128
8,baseline,9,-1,-1
8,baseline,10,-1,-1
8,baseline,11,132,232
8,baseline,12,26,151
8,baseline,13,171,354
8,baseline,14,-14,163
8,baseline,15,234,284
8,baseline,16,81,168
8,baseline,17,246,259
8,baseline,18,118,164
8,baseline,19,253,214
8,baseline,20,134,154
8,baseline,21,218,240
8,baseline,22,122,139
8,baseline,23,86,351
8,baseline,24,20,326
8,baseline,25,183,390
8,baseline,26,123,375
8,baseline,27,228,548
8,baseline,28,54,513
8,baseline,29,-1,-1
8,baseline,30,-1,-1
8,baseline,31,-1,-1
8,baseline,32,-1,-1
8,onset,0,173,136
8,onset,1,-1,-1
8,onset,2,-1,-1
8,onset,3,-1,-1
8,onset,4,-1,-1
8,onset,5,-1,-1
8,onset,6,-1,-1
8,onset,7,144,200
8,onset,8,105,134
8,onset,9,-1,-1
8,onset,10,-1,-1
8,onset,11,127,243
8,onset,12,27,164
8,onset,13,176,362
8,onset,14,-14,163
8,onset,15,240,288
8,onset,16,81,168
8,onset,17,253,271
8,onset,18,118,164
8,onset,19,260,220
8,onset,20,134,154
8,onset,21,224,247
8,onset,22,122,139
8,onset,23,86,365
8,onset,24,20,331
8,onset,25,183,390
8,onset,26,123,375
8,onset,27,228,548
8,onset,28,54,513
8,onset,29,-1,-1
8,onset,30,-1,-1
8,onset,31,-1,-1
8,onset,32,-1,-1
8,peak,0,174,135
8,peak,1,-1,-1
8,peak,2,-1,-1
8,peak,3,-1,-1
8,peak,4,-1,-1
8,peak,5,-1,-1
8,peak,6,-1,-1
8,peak,7,143,198
8,peak,8,106,133
8,peak,9,-1,-1
8,peak,10,-1,-1
8,peak,11,127,243
8,peak,12,27,164
8,peak,13,177,362
8,peak,14,28,167
8,peak,15,240,290
8,peak,16,88,165
8,peak,17,255,272
8,peak,18,125,164
8,peak,19,260,221
8,peak,20,139,145
8,peak,21,224,246
8,peak,22,127,140
8,peak,23,86,365
8,peak,24,20,331
8,peak,25,183,390
8,peak,26,123,375
8,peak,27,228,548
8,peak,28,54,513
8,peak,29,-1,-1
8,peak,30,-1,-1
8,peak,31,-1,-1
8,peak,32,-1,-1
